{
	"info": {
		"_postman_id": "23cd07e5-7654-49b8-af60-3651a8917e49",
		"name": "Gerenciamento de tarefas",
		"schema": "https://schema.getpostman.com/json/collection/v2.1.0/collection.json",
		"_exporter_id": "16258060"
	},
	"item": [
		{
			"name": "Get Membros do Time",
			"request": {
				"method": "GET",
				"header": [],
				"url": {
					"raw": "http://localhost:5000/members",
					"protocol": "http",
					"host": [
						"localhost"
					],
					"port": "5000",
					"path": [
						"members"
					]
				}
			},
			"response": []
		},
		{
			"name": "Get Tarefas",
			"request": {
				"method": "GET",
				"header": [],
				"url": {
					"raw": "http://localhost:5000/tasks",
					"protocol": "http",
					"host": [
						"localhost"
					],
					"port": "5000",
					"path": [
						"tasks"
					]
				}
			},
			"response": []
		},
		{
			"name": "Get Tarefa por ID",
			"request": {
				"method": "GET",
				"header": [],
				"url": {
					"raw": "http://localhost:5000/tasks/${id}",
					"protocol": "http",
					"host": [
						"localhost"
					],
					"port": "5000",
					"path": [
						"tasks",
						"${id}"
					]
				}
			},
			"response": []
		},
		{
			"name": "Atualizar tarefa",
			"request": {
				"method": "PUT",
				"header": [],
				"body": {
					"mode": "raw",
					"raw": "{\r\n    \"status\": \"Em andamento\"\r\n}",
					"options": {
						"raw": {
							"language": "json"
						}
					}
				},
				"url": {
					"raw": "http://localhost:5000/tasks/${id}",
					"protocol": "http",
					"host": [
						"localhost"
					],
					"port": "5000",
					"path": [
						"tasks",
						"${id}"
					]
				}
			},
			"response": []
		},
		{
			"name": "Atualizar membro",
			"request": {
				"method": "PUT",
				"header": [],
				"body": {
					"mode": "raw",
					"raw": "{\r\n    \"email\": \"teste@teste.com\"\r\n}",
					"options": {
						"raw": {
							"language": "json"
						}
					}
				},
				"url": {
					"raw": "http://localhost:5000/members/${id}",
					"protocol": "http",
					"host": [
						"localhost"
					],
					"port": "5000",
					"path": [
						"members",
						"${id}"
					]
				}
			},
			"response": []
		},
		{
			"name": "Get Membro por ID",
			"request": {
				"method": "GET",
				"header": [],
				"url": {
					"raw": "http://localhost:5000/members/${id}",
					"protocol": "http",
					"host": [
						"localhost"
					],
					"port": "5000",
					"path": [
						"members",
						"${id}"
					]
				}
			},
			"response": []
		},
		{
			"name": "Remover Membro",
			"request": {
				"method": "DELETE",
				"header": [],
				"url": {
					"raw": "http://localhost:5000/members/${id}",
					"protocol": "http",
					"host": [
						"localhost"
					],
					"port": "5000",
					"path": [
						"members",
						"${id}"
					]
				}
			},
			"response": []
		},
		{
			"name": "Remover Tarefa",
			"request": {
				"method": "DELETE",
				"header": [],
				"url": {
					"raw": "http://localhost:5000/tasks/${id}",
					"protocol": "http",
					"host": [
						"localhost"
					],
					"port": "5000",
					"path": [
						"tasks",
						"${id}"
					]
				}
			},
			"response": []
		}
	]
}